{
    "body": "{\"sn\": \"D10000001*\",\"lat\": 47.705842,\"long\": -116.792097}"
}